names,start,end
1,11,1
2,15,1
3,16,1
4,41,1
5,43,1
6,48,1
7,18,2
8,20,2
9,27,2
10,28,2
11,29,2
12,37,2
13,42,2
14,55,2
15,11,3
16,43,3
17,45,3
18,62,3
19,9,4
20,15,4
21,60,4
22,52,5
23,10,6
24,14,6
25,57,6
26,58,6
27,10,7
28,14,7
29,18,7
30,55,7
31,57,7
32,58,7
33,20,8
34,28,8
35,31,8
36,41,8
37,55,8
38,21,9
39,29,9
40,38,9
41,46,9
42,60,9
43,14,10
44,18,10
45,33,10
46,42,10
47,58,10
48,30,11
49,43,11
50,48,11
51,52,12
52,34,13
53,18,14
54,33,14
55,42,14
56,55,14
57,58,14
58,17,15
59,25,15
60,34,15
61,35,15
62,38,15
,39,15
,41,15
,44,15
,51,15
,53,15
,19,16
,25,16
,41,16
,46,16
,56,16
,60,16
,21,17
,34,17
,38,17
,39,17
,51,17
,23,18
,26,18
,28,18
,32,18
,58,18
,21,19
,22,19
,25,19
,30,19
,46,19
,52,19
,31,20
,55,20
,29,21
,37,21
,39,21
,45,21
,48,21
,51,21
,30,22
,34,22
,38,22
,46,22
,52,22
,37,24
,46,24
,52,24
,30,25
,46,25
,52,25
,27,26
,28,26
,28,27
,31,29
,48,29
,36,30
,44,30
,46,30
,52,30
,53,30
,43,31
,48,31
,61,33
,35,34
,38,34
,39,34
,41,34
,44,34
,51,34
,38,35
,45,35
,50,35
,38,37
,40,37
,41,37
,60,37
,41,38
,44,38
,46,38
,62,38
,44,39
,45,39
,53,39
,59,39
,58,40
,53,41
,55,42
,58,42
,48,43
,51,43
,47,44
,54,44
,51,46
,52,46
,60,46
,50,47
,58,49
,52,51
,56,52
,62,54
,58,55